root_id,cell_type
720575941353361200,LAL200
720575941353361200,LHAV2b10
720575941353592880,LAL153
720575941353912368,LAL169
720575941354012720,L2
720575941354190896,T1
720575941354456368,LAL093
720575941393315588,LLPC3
720575941393471382,Mi1
720575941393769476,L1
720575941393931780,L3
720575941393956246,L2
720575941393958038,L5
720575941394076822,LC10c
720575941394208406,LAL085
720575941394276356,LAL196
720575941394495382,R7
720575941394538646,AL-MBDL1
720575941394538646,ALIN6
720575941394629782,L4
720575941394715030,L5
720575941394879126,T1
720575941394881174,L5
720575941395124374,LC20a
720575941395162262,LC20b
720575941395231382,LC20a
720575941402897699,"LAL163,LAL164"
720575941403054627,L5
720575941403121948,L5
720575941403242531,L4
720575941403454576,vDeltaA_a
720575941403454576,vDeltaB
720575941403616803,LAL155
720575941404089968,DNg76
720575941404996976,L4
720575941405785968,L4
720575941406091120,Dm13
720575941406145136,R8
720575941406201200,L5
720575941406720815,L5
720575941407396526,L1
720575941408086063,L5
720575941408745902,L5
720575941409061806,T1
720575941409284526,L5
720575941409352239,Tm2
720575941409493807,L5
720575941409557166,L1
720575941409839790,L5
720575941409892399,LAL167a
720575941409959215,L2
720575941409976494,L1
720575941410009647,LLPC1
720575941410198319,vDeltaB
720575941410198319,vDeltaD
720575941410304303,LHAV2f2_a
720575941412342187,L5
720575941412491375,L5
720575941412506027,L1
720575941412685201,vDeltaA_a
720575941412685201,vDeltaD
720575941413132911,L4
720575941413549201,L4
720575941413779567,L5
720575941413893231,R8
720575941414326676,L5
720575941414619281,L4
720575941415292956,T1
720575941415521684,LAL159
720575941415591313,R8
720575941415706260,L4
720575941415941780,L5
720575941415993233,LAL110
720575941415993233,LHAV2k13
720575941416020884,LAL086
720575941416020884,LAL145
720575941416038804,LAL124
720575941416045201,LCe06
720575941416563228,L5
720575941417613596,R7
720575941417768220,C3
720575941418348572,L5
720575941427087444,Mi1
720575941427555412,v2LN46a
720575941427555412,vDeltaF
720575941428257364,L5
720575941428650324,LC44
720575941428698452,L3
720575941429002068,L2
720575941429061460,L2
720575941429222740,Mi1
720575941429282132,T1
720575941429334868,LAL110
720575941429334868,LCNOpm
720575941429334868,R8
720575941430509015,R8
720575941431643273,L5
720575941431888343,Mi1
720575941432070793,L3
720575941432163759,L5
720575941432219745,LHAV1e1
720575941432259064,L5
720575941432369801,L5
720575941432481199,L4
720575941432487599,L4
720575941432514953,LC25
720575941432531726,L5
720575941432638639,Mi1
720575941432639841,L4
720575941432767663,LHAV2m1
720575941432903928,LAL135
720575941432903928,"LAL160,LAL161"
720575941432951649,L5
720575941432970967,L1
720575941432987233,LHAV2a3b
720575941433010135,LAL087
720575941433010135,LHAV3a1
720575941433047905,L5
720575941433085793,L5
720575941433275607,L5
720575941433407703,L5
720575941433504865,LAL181
720575941433521761,LHAV1b3
720575941433521761,LHAV3a1
720575941433530721,LAL094
720575941433530721,LAL123
720575941433548814,L5
720575941433557857,LAL187
720575941433610510,R8
720575941434039566,DNp37
720575941434139662,LHAV3a1_c
720575941434139680,R8
720575941434269838,LAL156b
720575941434269838,R7
720575941434425870,Dm15
720575941434462478,L1
720575941434480142,R8
720575941434634766,LAL094
720575941434634766,LAL129
720575941434639118,LAL090
720575941434639118,LAL150b
720575941436397868,L5
720575941436415374,T2
720575941436509458,R7
720575941436861458,vDeltaA_a
720575941436861458,vDeltaD
720575941437458720,R7
720575941437501984,L5
720575941437595680,LHAV2g5
720575941437664288,L1
720575941437694240,L5
720575941437704224,L4
720575941437704224,LAL112
720575941437704224,LHAV2n1
720575941437839392,LAL168a
720575941437839392,LHAV3h1
720575941437858080,LAL115
720575941438648594,LC10c
720575941438979346,L2
720575941439146540,R7
720575941439229714,L4
720575941439339231,L4
720575941439458834,L1
720575941439637036,LC21
720575941439637036,R8
720575941439641618,L3
720575941439826911,L5
720575941439901970,LHAV2g1b
720575941439946047,L4
720575941440003628,T1
720575941440021292,Mi1
720575941440027154,L5
720575941440177708,LAL190
720575941440200255,LAL165
720575941440302421,R8
720575941440335935,R8
720575941440393279,L5
720575941440580671,R7
720575941440712021,L3
720575941440742719,T1
720575941440743487,L5
720575941440745951,R7
720575941440751679,Mi15
720575941440783839,R8
720575941440805855,L5
720575941440897005,L5
720575941440920543,LAL128
720575941441142253,L5
720575941441145325,L5
720575941441794495,L1
720575941441812159,R7
720575941441962687,L2
720575941442253403,LAL184
720575941442253403,LAL193
720575941442315471,R7
720575941442424255,L5
720575941442600795,L2
720575941442637247,R8
720575941442831451,LAL093
720575941442834879,LAL126
720575941442835407,Mi1
720575941442928475,L5
720575941442928475,LAL167b
720575941442928475,LHAV1a4
720575941443032271,LAL100
720575941443033435,L5
720575941443642575,LC10c
720575941445563562,LAL120b
720575941445563562,LHAV3e6
720575941445902506,L5
720575941446044074,Mi1
720575941446179242,L5
720575941446484138,LAL101
720575941448559285,R8
720575941448979476,L3
720575941448989460,L4
720575941449183252,L5
720575941449426452,LC28a
720575941449940558,L4
720575941449977466,LLPC4
720575941450427470,L5
720575941450783815,L5
720575941450953141,L5
720575941451077725,L4
720575941451077725,LHAV2b6
720575941451118005,L5
720575941451346013,L4
720575941451437134,L4
720575941451606621,T1
720575941451629639,L1
720575941451757902,R8
720575941452204878,R8
720575941453097594,L3
720575941453159593,L5
720575941453265530,L1
720575941453351081,AN_GNG_103
720575941453614458,R7
720575941453889095,L2
720575941453909831,L5
720575941453938759,T1
720575941453983047,L2
720575941454051399,LHAV3a1
720575941454122665,R7
720575941454261063,R7
720575941454710697,L3
720575941454770089,L1
720575941455896115,L2
720575941455951155,LAL165
720575941456043571,R8
720575941456121907,LAL158
720575941456379443,LAL157
720575941456905375,CB1151
720575941457705965,LC10c
720575941457841901,L2
720575941457913837,T1
720575941457993197,R8
720575941458016749,L4
720575941458146797,LC28a
720575941458253805,L1
720575941458325997,L4
720575941458334701,T1
720575941458986911,vDeltaB
720575941458986911,vDeltaD
720575941459357855,L5
720575941459955440,L1
720575941460088516,R7
720575941460171167,L1
720575941460336368,LHAV1d1
720575941460336368,LHAV2g2_b
720575941460395504,L4
720575941460469663,L5
720575941460582982,L4
720575941460667807,L5
720575941460685471,L5
720575941460751519,LAL087
720575941460751519,LAL144b
720575941460906822,T1
720575941460989892,R7
720575941461054916,R8
720575941461074899,T1
720575941461452102,L2
720575941461600838,L5
720575941461640262,LAL102
720575941461680454,LPC2
720575941461889747,L1
720575941462021331,L5
720575941462174916,Mi1
720575941462396115,L4
720575941462442948,L5
720575941462483667,T1
720575941462563283,L5
720575941462633485,L1
720575941462678739,T1
720575941462681043,L5
720575941462726355,L5
720575941462798276,R7
720575941462842067,LCNOp
720575941462842067,LHAV2g1a
720575941462941907,LC22
720575941462956499,"LAL103,LAL109"
720575941462956499,LHAV1b1
720575941463047891,LC10f
720575941463072144,R8
720575941463139268,L4
720575941463157956,L2
720575941463264708,L5
720575941463491085,L3
720575941463738256,T1
720575941464046605,R8
720575941464095888,"LAL111,PS060"
720575941464805133,R7
720575941465080333,L2
720575941465154573,LAL133a
720575941465154573,LAL197
720575941467317526,L5
720575941467448406,LAL156a
720575941467484438,Mi1
720575941467557206,L4
720575941467843158,L4
720575941467924957,L2
720575941467991382,MTe03
720575941468250966,R8
720575941468328278,L5
720575941468633408,L4
720575941468675862,T1
720575941469064905,L5
720575941469064905,LCe01b
720575941469189597,DNg02_c
720575941469237782,LHAV1d2
720575941469275670,R7
720575941469516822,LHAV3g1
720575941469762679,L5
720575941470228957,Mi1
720575941470295517,L4
720575941470609117,L3
720575941470610141,LHAV3e2
720575941470812637,LC14a1
720575941470964087,LLPC3
720575941470989175,L4
720575941471005047,R8
720575941471039453,LAL090
720575941471166941,LAL094
720575941471166941,R7
720575941471221469,L5
720575941471280861,LC9
720575941471290333,LAL143
720575941471290333,LAL150b
720575941471327453,L5
720575941471431901,LHAV2g1a
720575941471503680,Mi1
720575941471785536,L2
720575941471794240,R7
720575941471850251,T1
720575941472206455,L5
720575941472208247,L5
720575941472255499,R7
720575941472289856,L5
720575941472326007,L5
720575941472450880,L5
720575941472451959,L2
720575941472599616,LAL168a
720575941472611959,L4
720575941472956224,R8
720575941472995648,R8
720575941473038347,L5
720575941473058112,L5
720575941473090315,LAL110
720575941473135371,LAL181
720575941473140288,L2
720575941473140288,LAL117a
720575941473140288,LHAV2k10
720575941473217291,LHAV2g2_b
720575941473441066,L5
720575941474396512,R8
720575941474584928,L2
720575941474923050,DNpe019
720575941474934729,L5
720575941475106875,L5
720575941475510112,T1
720575941475517536,L4
720575941475653984,LHAV3e6
720575941475691104,LAL186
720575941475691104,LAL196
720575941475755835,LAL122
720575941475755835,LAL145
720575941476046651,LHAV1d2
720575941476046651,LHAV2g2_a
720575941476046651,T1
720575941476299306,LC21
720575941476315178,LHAD2e1
720575941476330026,LAL101
720575941476330026,LAL117a
720575941476341051,L4
720575941476990779,LAL165
720575941477107998,L5
720575941477452593,L2
720575941478097972,L5
720575941478120769,L1
720575941478178369,L4
720575941478207262,PLP069
720575941478444353,LAL094
720575941478444353,LAL130
720575941478448177,L4
720575941478530528,LC10c
720575941478601281,L2
720575941478629428,R8
720575941478658356,R7
720575941478797108,v2LN4
720575941478797108,vDeltaF
720575941478869354,L4
720575941478892418,L2
720575941478908225,R8
720575941478977857,R7
720575941479065921,LLPC3
720575941479195201,T1
720575941479222435,LC10b
720575941479344234,L3
720575941479889002,L5
720575941479943530,T1
720575941480005482,LHAV1a3
720575941480005482,LHAV1d2
720575941480061546,L5
720575941480135786,R7
720575941480285802,ALIN8
720575941480285802,vDeltaA_a
720575941480609219,R8
720575941481061344,L5
720575941481106400,L5
720575941481195232,L4
720575941481416672,L2
720575941481416672,LHAV2g2_b
720575941481514626,L2
720575941481514626,LHAV1a3
720575941481523363,L5
720575941481556354,T1
720575941481638342,L2
720575941481689568,T1
720575941481769696,LC10e
720575941481823456,LAL090
720575941481840258,L5
720575941482055075,L5
720575941482137986,LAL124
720575941482137986,LAL152
720575941482291875,L5
720575941482337187,L4
720575941482385999,Mi1
720575941482427299,L3
720575941482491471,L5
720575941482509135,T1
720575941482640207,LAL203
720575941482694141,LC10c
720575941482783055,LC10c
720575941482868815,vDeltaA_a
720575941482868815,vDeltaD
720575941482894927,LAL192
720575941483149763,L2
720575941483149763,LHAV3d1
720575941483648710,L3
720575941483648710,LAL195
720575941483763642,AVLP043
720575941483829955,L4
720575941484222662,L4
720575941484262086,R7
720575941484285638,L2
720575941484355270,T1
720575941484494022,Mi1
720575941484633530,L5
720575941484712189,L5
720575941484732557,R8
720575941484848326,LAL199
720575941484848326,LHAD4a1
720575941484871354,LAL190
720575941484990906,L4
720575941485067661,R8
720575941485143226,L5
720575941485151298,L5
720575941485167110,T1
720575941485300410,LAL193
720575941485366269,LAL128
720575941485855810,R7
720575941486021382,LCe08
720575941486148816,R8
720575941486399629,L5
720575941487166274,L5
720575941487239821,L5
720575941487250242,"LAL171,LAL172"
720575941487407878,Mi1
720575941487456322,L5
720575941487487373,L1
720575941487571266,L5
720575941487695622,L2
720575941487731462,L4
720575941487771533,L5
720575941487838726,L5
720575941487872262,L5
720575941487873602,L1
720575941488146950,L5
720575941488163138,LAL197
720575941488248838,LCe04
720575941488418256,R7
720575941488800565,R7
720575941488965072,R8
720575941489050064,R8
720575941489245136,L5
720575941489669584,LCe04
720575941489791029,L5
720575941489852878,T1
720575941489968949,R8
720575941490351157,LC10c
720575941490526261,LT55
720575941491268812,L4
720575941491314633,L2
720575941491564750,LAL131b
720575941491610572,L5
720575941491750197,L5
720575941491824949,L2
720575941491879477,R7
720575941491908917,R7
720575941491912142,L2
720575941492046901,LAL185
720575941492046901,LAL197
720575941492102601,T1
720575941492193255,L1
720575941492228297,LC10c
720575941492228553,LAL167a
720575941492306919,L1
720575941492449998,T1
720575941492450510,L5
720575941492474318,R8
720575941492511152,LMTe01
720575941492564686,T1
720575941492582862,L5
720575941492686796,L5
720575941493028812,T1
720575941493135591,R8
720575941493202864,L5
720575941493248743,TmY3
720575941493248999,L5
720575941493504743,KCab-p
720575941493504999,LC28a
720575941493751934,T1
720575941494308528,LAL098
720575941494454910,R7
720575941494525616,L4
720575941494576304,R7
720575941494856624,LAL099
720575941494912176,LPC2
720575941495083134,LAL139
720575941495264382,L5
720575941495715015,R7
720575941495727230,L5
720575941496393086,L3
720575941496548807,L2
720575941496686718,LC28a
720575941496903040,LC10c
720575941496912327,L4
720575941496972923,L5
720575941497414087,LC14a2
720575941497441479,L2
720575941497475527,L1
720575941497536967,LC28a
720575941497858432,L5
720575941498116736,R8
720575941498211968,L5
720575941498633035,L1
720575941498974843,L5
720575941499572642,L5
720575941499659643,LHAV3e3a
720575941499792201,L5
720575941499826594,LAL185
720575941499826594,LHAV2b9
720575941499958753,LAL140
720575941499974267,L4
720575941500013793,L5
720575941500043131,L1
720575941500127201,L5
720575941500228321,L5
720575941500300513,SMP580
720575941500704737,LAL196
720575941500793161,L5
720575941501112482,R7
720575941501322402,T1
720575941501650082,LAL194
720575941501693090,LAL090
720575941502241879,LC10c
720575941502459991,LHAV1d2
720575941502567819,LC18
720575941502877579,T1
720575941502884491,L4
720575941502946539,L4
720575941503083915,T1
720575941503197163,R7
720575941503227787,T1
720575941503586955,R7
720575941503619979,LCe04
720575941503619979,R8
720575941503811723,LC10e
720575941503862507,L2
720575941503891595,L5
720575941503904395,Mi1
720575941504253015,Mi1
720575941504282199,R8
720575941504398501,R8
720575941504501298,L2
720575941504525477,LAL191
720575941504690007,L4
720575941504849573,L5
720575941504925163,L5
720575941504999511,LAL197
720575941505014722,R7
720575941505052503,L5
720575941505056343,R7
720575941505113067,LHAV3g1
720575941505122027,LHAV1d1
720575941505122027,LHAV3a1_c
720575941505141335,L5
720575941505149419,"LAL173,LAL174"
720575941505149419,LAL185
720575941505149419,T1
720575941505225047,L1
720575941505355570,L4
720575941505360471,L1
720575941505584983,"LAL160,LAL161"
720575941505647042,L4
720575941505709362,L5
720575941505777202,R7
720575941505991474,L5
720575941506028860,L5
720575941506100418,L4
720575941506442317,R8
720575941506476348,R8
720575941506601541,L1
720575941506753445,L2
720575941507167873,L5
720575941507292988,L5
720575941507397797,R8
720575941507398460,L5
720575941507433020,R7
720575941507440188,L1
720575941507518012,L5
720575941507652924,L4
720575941507653180,L4
720575941507665829,T1
720575941507666341,R8
720575941507793175,R7
720575941507839397,L4
720575941507911262,LHPV5c3
720575941508016956,LPC2
720575941508118039,T1
720575941508124695,L2
720575941508155230,C3
720575941508201751,T1
720575941508510277,R7
720575941508631319,LC10f
720575941508718661,L5
720575941508855621,L5
720575941509183326,LAL146
720575941509183326,LHAV2g3
720575941509419810,LAL090
720575941509419810,LHAV2b6
720575941509526110,T1
720575941509612126,L5
720575941509619038,L2
720575941509632546,L4
720575941509633630,L4
720575941509639041,R7
720575941509684097,L5
720575941509737822,L4
720575941509744734,L5
720575941509744734,LAL183
720575941509912961,T1
720575941510051713,L5
720575941510333968,L2
720575941510918160,L5
720575941511037968,LAL081
720575941511037968,LAL138
720575941511176976,T1
720575941511294418,L5
720575941511649808,L3
720575941511740688,L2
720575941511851986,R7
720575941512037330,LAL154
720575941512103184,Mi4
720575941512127760,L2
720575941512318480,LC10c
720575941512471506,T1
720575941512580306,LHAV2g5
720575941512962258,LAL113
720575941512991954,LAL090
720575941512991954,LAL153
720575941513218769,LC21
720575941513218769,R7
720575941513257548,L5
720575941513569233,R8
720575941513907971,LCe01b
720575941513952867,L5
720575941514088185,R8
720575941514344401,L4
720575941514383569,L2
720575941514557393,L4
720575941514715089,L4
720575941514728913,L4
720575941514850124,L5
720575941514968909,L5
720575941515077722,vDeltaA_a
720575941515077722,vDeltaD
720575941515091020,LHAV2k6
720575941515091020,LHAV3a1
720575941515131724,v2LN49
720575941515140049,L2
720575941515186435,L5
720575941515229516,Mi15
720575941515418444,L2
720575941515570508,T1
720575941516083011,L5
720575941516169107,L1
720575941516265571,L5
720575941516328035,L5
720575941516414019,L5
720575941516463251,R8
720575941516537923,L4
720575941516610883,Mi1
720575941516619331,L5
720575941516657401,T1
720575941516743683,R7
720575941516826723,L3
720575941516829283,L2
720575941516865795,L5
720575941516868963,R8
720575941516878851,L5
720575941516975203,L5
720575941516992771,R7
720575941517041763,L1
720575941517100793,R8
720575941517108227,L2
720575941517175130,LHAV2a3a
720575941517240569,LC36
720575941517291667,T1
720575941517408505,R8
720575941517477036,vDeltaB
720575941517477036,vDeltaD
720575941517639161,LHAV2k6
720575941517705209,LC20b
720575941517731674,LAL183
720575941517731674,LAL192
720575941517812217,PLP155
720575941518070675,L3
720575941518230675,L2
720575941518396563,L4
720575941518478995,LAL186
720575941518478995,LHAD2c1
720575941518576019,LC20a
720575941519041390,T1
720575941519579308,R8
720575941519711148,LAL179b
720575941519816876,LC9
720575941519816876,T1
720575941520025004,L3
720575941520036012,R8
720575941520134316,LC10c
720575941520275635,v2LN32
720575941520275635,v2LNX01
720575941520437164,R8
720575941520474796,LHAD2c1
720575941520555886,LAL187
720575941520573912,L4
720575941520602990,L1
720575941520637806,R7
720575941520769240,L2
720575941520799086,L2
720575941520917614,L4
720575941520926318,L5
720575941521116888,LHAD2e3
720575941521116888,LHAV2a3a
720575941521777847,L2
720575941521874611,L5
720575941522325835,LC10c
720575941522330551,Mi1
720575941522393523,L2
720575941522482615,L5
720575941522514355,L2
720575941522533811,L5
720575941522628791,L1
720575941522652083,L3
720575941522873847,L5
720575941522969523,L4
720575941522971211,R7
720575941523033267,LHAV3a1
720575941523401975,L5
720575941523813879,LAL147c
720575941523813879,LHAV2b10
720575941524034635,LPC2
720575941524325879,L2
720575941524459511,LAL120b
720575941524459511,LAL150b
720575941524459511,R8
720575941524519671,L3
720575941524602359,LAL190
720575941525114212,LCe01b
720575941525430091,L5
720575941525450084,Mi4
720575941525718091,LAL082
720575941525718091,LAL138
720575941525836107,T1
720575941526490078,L4
720575941526525442,L5
720575941526537497,L5
720575941526860198,vDeltaB
720575941526860198,vDeltaD
720575941526971650,cLP01
720575941527088409,LPLC1
720575941527263844,L5
720575941527547748,T1
720575941527564825,L5
720575941527568996,L4
720575941527658596,Mi1
720575941527691597,LAL158
720575941527691597,LHAV2d1
720575941527771981,L5
720575941527798605,L5
720575941527798786,LAL197
720575941527798786,LHAV1a1
720575941527864066,R8
720575941527899469,Mi1
720575941527951181,L4
720575941527997862,LTe41
720575941528044621,L3
720575941528079204,T1
720575941528211300,L2
720575941528229709,L1
720575941528251673,LAL093
720575941528251673,LHAV2g3
720575941528270157,L5
720575941528324964,L1
720575941528388610,L4
720575941528423938,LC10f
720575941528472486,L4
720575941528476516,LC20a
720575941528525752,LAL198
720575941528566968,LAL184
720575941528566968,LHAD3d4
720575941528614310,L2
720575941528628612,LC24
720575941528750502,R8
720575941528823462,T1
720575941528924326,L5
720575941529048742,LPC2
720575941529084582,Mi1
720575941529095334,LAL090
720575941529095334,LHAD3g1
720575941529116582,R8
720575941529191590,L1
720575941529281446,"LAL163,LAL164"
720575941529736580,Mi1
720575941529856644,L5
720575941530141828,L3
720575941530226564,T1
720575941530379652,T1
720575941530414980,LC9
720575941530525828,LHAV1a4
720575941530525828,LHAV3e3b
720575941530594692,L4
720575941530676868,LHAV1d2
720575941530791044,LAL143
720575941530793656,R7
720575941531007435,LAL085
720575941531206584,L1
720575941531425208,R8
720575941531568824,LC10c
720575941531649995,LHAV2b2b
720575941532707531,L4
720575941532724939,L2
720575941532916939,"LAL176,LAL177"
720575941533267173,R7
720575941533339877,L5
720575941533395173,L5
720575941533930627,R8
720575941533959397,L4
720575941534076901,R7
720575941534104330,vDeltaA_a
720575941534104330,vDeltaD
720575941534366181,LAL179a
720575941534376677,LC10e
720575941534429413,LCe01b
720575941534556138,DNp67
720575941534640259,L5
720575941534765955,L2
720575941534766979,L2
720575941534797443,LC9
720575941534830017,vDeltaD
720575941534843370,L4
720575941534951450,R8
720575941535016067,LAL110
720575941535034346,LTe67
720575941535050115,LHAV1d2
720575941535050115,LHAV2b6
720575941535067882,L5
720575941535144114,HBeyelet
720575941535437912,R8
720575941535624626,L5
720575941535722218,T1
720575941535888562,LHAV2g1a
720575941535888562,T1
720575941535984577,R7
720575941536066904,R7
720575941536207448,LHAV2f2_a
720575941536207448,R8
720575941536250602,Dm15
720575941536285362,L4
720575941536286130,LAL194
720575941536447410,T1
720575941536448234,L5
720575941536483762,L1
720575941536514136,T1
720575941536542474,L5
720575941536550922,T1
720575941536562520,LLPC3
720575941536734986,L4
720575941536901866,LHAV2g2_a
720575941536989377,LHAD1d1
720575941536993985,LAL147c
720575941536993985,LHAD2e3
720575941537005850,L1
720575941537033738,L5
720575941537057290,L5
720575941537098778,v2LN31
720575941537107905,Mi1
720575941537351829,L5
720575941537417482,T1
720575941537533377,T1
720575941537544897,LC18
720575941537710785,LAL132b
720575941538086426,LHAV3c1
720575941538139674,T1
720575941538256922,LC21
720575941538427122,L5
720575941538712701,R8
720575941538725269,L4
720575941538728419,L5
720575941539270805,DNb07
720575941539487474,L5
720575941539617661,R8
720575941539658645,LLPC3
720575941539663346,R8
720575941539670397,R7
720575941540152701,L5
720575941540383637,LC9
720575941540383637,T1
720575941540397461,Mi1
720575941540466325,R8
720575941540533965,L5
720575941540547477,"LAL111,PS060"
720575941540547477,LHAV3e2
720575941540619250,L1
720575941540620018,L3
720575941540669426,LAL186
720575941540777109,LAL138
720575941540794866,LAL098
720575941540902013,T1
720575941540999549,R7
720575941541461885,L1
720575941541532285,L5
720575941541866365,L5
720575941542008701,LAL175
720575941543565404,R8
720575941543815772,L5
720575941543916124,L3
720575941544003164,T1
720575941544112988,L5
720575941544195357,L5
720575941545582004,R8
720575941545675269,L5
720575941545998341,L5
720575941546112261,LC14a1
720575941546166021,L1
720575941546176188,LAL094
720575941546465897,MTe03
720575941546509673,5-HT-IR  Tan
720575941546566405,LAL110
720575941546875324,L1
720575941546944444,T1
720575941546960473,L5
720575941547050601,L4
720575941547159220,L5
720575941547368380,T1
720575941547391164,R8
720575941547466684,L4
720575941547521980,LC10a
720575941547537953,LPC2
720575941547633032,L5
720575941547659881,L5
720575941547807676,L2
720575941547990972,L3
720575941548051305,LAL120a
720575941548051305,LHAV1a3
720575941548061801,LHAD2b1
720575941548202420,R7
720575941548817234,v2LN33
720575941548817234,v2LN34E
720575941548843188,LAL131b
720575941549084808,Mi1
720575941549151112,R8
720575941549218440,LAL091
720575941549218440,LAL140
720575941549218440,T1
720575941549514888,LAL094
720575941549548349,LLPC3
720575941549608072,T1
720575941550194465,L1
720575941550525757,R7
720575941550636577,R7
720575941550681087,L3
720575941550952481,L5
720575941551166324,LAL141
720575941551330365,LC10c
720575941551340093,L2
720575941551426420,R8
720575941551618109,LAL167a
720575941551618109,LHAV2b9
720575941551655796,LHAV3b12
720575941551914355,L4
720575941552125951,aMe8
720575941552310334,LC19
720575941552749886,L4
720575941553126974,T1
720575941553133823,R7
720575941553187071,L4
720575941553294849,R8
720575941553300051,LC24
720575941553308019,T1
720575941553334783,R8
720575941553412095,L3
720575941553577471,T1
720575941553650003,R7
720575941553669887,LAL187
720575941553700607,T1
720575941553731902,LAL141
720575941553731902,LHAV3g1
720575941553778842,DNge085
720575941553822782,LHAV3c1
720575941553829438,L2
720575941553912638,L5
720575941554008711,LHAD3d4
720575941554086023,LAL094
720575941554118483,R7
720575941554226842,L5
720575941554374042,L5
720575941554406791,L5
720575941554413651,R7
720575941554622087,ALIN7
720575941554908826,L5
720575941554943623,L5
720575941555006874,LLPC3
720575941555109659,L5
720575941555208219,R8
720575941555231771,L2
720575941555297051,R8
720575941555321828,OCC01b
720575941555341083,LAL156b
720575941555530779,v2LN3A1_a
720575941555530779,v2LN42c
720575941555532698,R8
720575941555711233,L3
720575941555741594,L5
720575941555779155,L4
720575941555794330,T1
720575941555971738,LAL192
720575941556122625,L4
720575941556385281,LHAV2g2_b
720575941556385281,R8
720575941556751332,R7
720575941556914771,L5
720575941556934116,L5
720575941557052673,L5
720575941557054547,LHAV2g1b
720575941557075201,L1
720575941557079041,L4
720575941557183233,LC10e
720575941557645348,R8
720575941557660132,L1
720575941557735908,LAL169
720575941557790180,L4
720575941557976548,T1
720575941558259727,R7
720575941558385060,Mi1
720575941558401444,L5
720575941558405028,R7
720575941558579108,L5
720575941558579108,LC9
720575941558696819,T1
720575941558767145,L5
720575941558780836,v2LN49
720575941558780836,vDeltaF
720575941558826148,R7
720575941559483940,Mi1
720575941559498788,Mi1
720575941559520292,L5
720575941559685903,L5
720575941559724580,L5
720575941559802404,L5
720575941559872804,"LAL171,LAL172"
720575941559891236,v2LN5
720575941559891236,v2LNX01
720575941560466670,LAL133a
720575941560466670,LAL196
720575941560787059,LCe04
720575941560788083,L3
720575941560910963,L2
720575941561129198,L5
720575941561188879,L2
720575941561188879,LHAV1d1
720575941561188879,LHAV3a1
720575941561198095,L2
720575941561287406,R7
720575941561359631,L4
720575941561430387,LAL137
720575941561430387,LAL198
720575941561472271,L2
720575941561478957,DNpe031
720575941561569039,L2
720575941561569039,"LAL125,LAL108"
720575941561569039,LAL159
720575941561569139,Mi1
720575941561572367,L2
720575941561634831,L4
720575941561671283,Mi1
720575941561703539,LPC2
720575941561734638,LAL179b
720575941561897587,L2
720575941562231853,L4
720575941562575405,LAL149
720575941562752301,LAL123
720575941562752301,LAL133a
720575941562777901,LHAV2m1
720575941562912768,R7
720575941562968914,R8
720575941563036205,L5
720575941563069352,L5
720575941563185152,R8
720575941563474856,LC10c
720575941563581842,L4
720575941563755688,LPC2
720575941563837864,R8
720575941563856274,L5
720575941563893248,R8
720575941563956392,LAL082
720575941564826727,L5
720575941564900706,L1
720575941564924928,T1
720575941564962102,L5
720575941565136903,L3
720575941565240162,LCe01a
720575941565470866,L5
720575941565527808,L3
720575941565603474,T1
720575941565622674,LC10c
720575941565657600,LTe57
720575941565701895,L2
720575941565711360,T1
720575941565845650,L5
720575941565867154,MLt1
720575941565931776,LAL199
720575941566149127,L2
720575941566394466,Mi1
720575941566454279,L5
720575941566512438,LC25
720575941566552118,Mi1
720575941566622471,L2
720575941566763618,L5
720575941566817122,L3
720575941566837911,L5
720575941566920246,T1
720575941567049319,R7
720575941567083159,LAL170
720575941568318322,LPC2
720575941568751918,R8
720575941569180922,T1
720575941569250094,T1
720575941569631022,R8
720575941569770286,L4
720575941569770286,LAL168a
720575941569795630,KCg-m
720575941569828654,L2
720575941569951476,L3
720575941569981178,L5
720575941570349682,T1
720575941570564602,L5
720575941570584820,LAL167a
720575941570590202,R7
720575941570639604,L5
720575941570739700,cL05
720575941570773242,L5
720575941570856954,LAL110
720575941570856954,LHAV1b3
720575941570856954,T1
720575941570883954,L1
720575941570884858,L3
720575941570912500,L5
720575941570915442,T1
720575941570919674,L2
720575941570939124,ALIN6
720575941570939124,vDeltaA_a
720575941570994682,LHAV2g2_b
720575941571008370,LHAV2a3a
720575941571355124,CB1395
720575941571778376,L3
720575941572251899,L2
720575941572293883,R8
720575941573136286,LAL114
720575941573592990,LHAV1d2
720575941573592990,LHAV2g2_a
720575941573592990,R8
720575941573639931,L4
720575941573687880,L2
720575941573816478,L5
720575941574022728,LAL116
720575941574029470,L2
720575941574169502,LC28a
720575941574468616,L5
720575941574520392,LCe04
720575941574723067,Mi9
720575941574884616,KCg-m
720575941574997832,L2
720575941575303837,L5
720575941575313915,L4
720575941575345053,LC21
720575941575379721,L5
720575941575417595,T1
720575941575467771,CB2572
720575941575511304,T1
720575941575661563,LAL175
720575941575661563,LAL182
720575941575667707,L4
720575941575705339,Tm3
720575941575723272,L1
720575941575738875,L2
720575941575749021,LAL195
720575941575768315,LC25
720575941575794683,CL171
720575941575797917,CB1340
720575941575804680,L4
720575941575811741,L4
720575941575828731,LHAV1a4
720575941575879311,LAL133a
720575941576011446,L4
720575941576069896,L5
720575941576078344,L2
720575941576137224,L4
720575941576158877,L5
720575941576202761,L1
720575941576214537,KCab-p
720575941576397711,L5
720575941576457871,L3
720575941576595096,R8
720575941576599400,R7
720575941576785846,v2LN36
720575941576785846,vDeltaA_a
720575941576894607,LAL155
720575941576948879,L4
720575941576975798,L5
720575941576979382,LHAD2e1
720575941577121974,L5
720575941577138024,L5
720575941577280438,R7
720575941577415350,L3
720575941577436008,PDt1
720575941577854568,LAL162
720575941577855848,L3
720575941578109544,"LAL103,LAL109"
720575941578376025,L5
720575941578684505,L5
720575941579438681,L2
720575941579872089,"LAL104,LAL105"
720575941579872089,"LAL163,LAL164"
720575941580047705,LC14a1
720575941580089425,L2
720575941580272977,T1
720575941580349173,L1
720575941580790865,L5
720575941580962805,L5
720575941581003089,L2
720575941581054545,T1
720575941581104209,L2
720575941581142517,L5
720575941581148497,L1
720575941581149429,R8
720575941581299701,L2
720575941581341941,T1
720575941581638133,LAL144b
720575941581933177,L2
720575941582748793,L1
720575941582807161,L5
720575941583076985,T1
720575941583085177,L2
720575941583123833,R8
720575941583135839,R8
720575941583345529,T1
720575941584150014,R7
720575941584420606,L5
720575941584641237,L5
720575941584997254,v2LN37
720575941584997254,v2LNX01
720575941585152646,CL283a
720575941585315806,"VCvN1,VCvN2"
720575941585492575,R8
720575941585640799,DNg02_e
720575941585709958,L5
720575941585722719,T1
720575941585773919,L2
720575941585796486,L5
720575941585818719,L5
720575941585980767,Mi1
720575941586024031,L3
720575941586090494,L2
720575941586223326,L4
720575941587084510,LHAV2k13
720575941587210630,L2
720575941587210630,LAL120a
720575941587222340,R7
720575941587246214,L2
720575941587269254,T1
720575941587630046,L5
720575941587631614,L5
720575941587631838,T1
720575941587958596,L4
720575941588034526,R8
720575941589199244,LC25
720575941589325380,L2
720575941589867076,LAL102
720575941589867076,LHAD1k1
720575941589939511,L4
720575941590460996,L5
720575941590527799,L5
720575941590635588,LHAV3f1
720575941590673988,LAL093
720575941590673988,LAL121
720575941590682110,T1
720575941590725630,L3
720575941590848311,SLP285
720575941591122999,T1
720575941591154743,LHAV1e1
720575941591177783,L5
720575941591777643,L5
720575941591980798,T1
720575941591991038,L5
720575941592160254,vDeltaD
720575941592162046,L2
720575941592215038,L4
720575941592215038,LAL116
720575941592215038,LHAV2b9
720575941592237608,L4
720575941592273003,vDeltaA_a
720575941592273003,vDeltaD
720575941592286604,L1
720575941592310526,L1
720575941592316670,T1
720575941592466430,LC21
720575941592506508,T1
720575941592798860,L1
720575941592867286,LC25
720575941592908684,L5
720575941594126632,LAL156a
720575941594210344,LHAV2g2_a
720575941594301809,DNg02_e
720575941594332712,LHAV3j1
720575941594352936,LHAV3a1
720575941594521640,LHAD2b1
720575941594528619,T1
720575941594563691,LCe06
720575941594695207,L4
720575941594929771,L4
720575941595119723,LAL203
720575941595203621,R7
720575941595255766,DNae003
720575941595327446,L2
720575941595803429,L2
720575941595941590,L1
720575941595993558,L3
720575941596010533,L2
720575941596211158,T1
720575941596248103,Dm15
720575941596271141,T1
720575941596282326,LAL199
720575941596282326,LHAD2d1
720575941596282326,R7
720575941596282481,L1
720575941596292903,L2
720575941596302631,R7
720575941596309617,L5
720575941596348965,L3
720575941596401957,R7
720575941596465447,L2
720575941596465447,LAL100
720575941596465447,LAL116
720575941596600101,LAL147b
720575941596622375,L5
720575941596712231,L3
720575941596816167,L4
720575941596843121,R7
720575941596942725,L1
720575941597081969,LC20b
720575941597115761,T1
720575941597136753,L5
720575941597198705,L4
720575941597382769,LHAV2n1
720575941597456773,R8
720575941597474417,L1
720575941597535877,L5
720575941597546117,L5
720575941597583493,L1
720575941597589361,LHAV2f2_a
720575941597621637,R8
720575941597680241,LHAV2g3
720575941597984901,L4
720575941598218652,R8
720575941599372188,L5
720575941599482268,L5
720575941599624092,L2
720575941599633820,L5
720575941599703964,LC10c
720575941599812032,LAL143
720575941599812032,LHAV3g1
720575941600139456,LAL152
720575941600142272,L5
720575941600193472,L4
720575941600243648,LAL132b
720575941600243648,T1
720575941600338880,LAL146
720575941600382656,LHAD2c2
720575941600382656,LHAV2b10
720575941601067817,T1
720575941601166121,R8
720575941601826857,Mi1
720575941602055977,L5
720575941602086246,L5
720575941602179881,L5
720575941602978806,LTe43
720575941603539385,L5
720575941604049209,L5
720575941604081721,L5
720575941604457718,LHAV3c1
720575941604747449,L5
720575941604782009,L2
720575941605156281,R7
720575941605188793,R7
720575941605200374,LC10c
720575941605304054,R7
720575941605318902,"LAL173,LAL174"
720575941605380025,L1
720575941605727597,R8
720575941605957054,L2
720575941606311870,LAL191
720575941606315198,L5
720575941608576621,L5
720575941608669293,AN_GNG_59
720575941608854637,L2
720575941609011565,vDeltaF
720575941609103981,L5
720575941609290314,LC21
720575941609905226,L2
720575941610292457,L5
720575941611102794,L5
720575941611589097,Mi9
720575941611687398,L2
720575941611707881,T1
720575941611836649,T1
720575941611891814,L5
720575941611941353,T1
720575941612024749,L5
720575941612145994,LAL148
720575941612250442,L2
720575941612323049,L5
720575941612327401,LHPV5e3
720575941612328681,"LAL163,LAL164"
720575941612328681,LHAV1d1
720575941612328681,R8
720575941612454633,L5
720575941612478282,LHAV2a3a
720575941612599114,L4
720575941612632493,L2
720575941612703977,L5
720575941612757225,KCg-m
720575941612780521,L5
720575941612805549,5-HT-IR  Tan
720575941612837609,L5
720575941613045862,L5
720575941613089126,L2
720575941613200301,LAL152
720575941613271526,L2
720575941613275238,L5
720575941613316198,"LAL111,PS060"
720575941613338470,L5
720575941613499155,R7
720575941613506662,L5
720575941613506733,T1
720575941613586534,L5
720575941613696429,LAL167b
720575941613747373,LAL081
720575941613780755,R8
720575941613794477,LAL149
720575941613794477,LHAV3f1
720575941614084060,R7
720575941614463251,L5
720575941615159315,L5
720575941615310099,L5
720575941615681299,L1
720575941615809177,L4
720575941616297625,T1
720575941616526489,L5
720575941616731289,T1
720575941616834969,L2
720575941618322645,LCe01b
720575941618371029,L4
720575941618432725,L5
720575941618643669,L5
720575941618752981,R8
720575941619428805,R8
720575941620210028,L5
720575941620506495,L3
720575941620658815,T1
720575941621253503,L1
720575941621602943,L4
720575941621614533,L5
720575941621617279,R8
720575941621709439,LHAD3g1
720575941621709439,LHAV1b3
720575941621907397,L5
720575941622139077,L5
720575941623015328,L2
720575941623072764,LLPC3
720575941624763803,L1
720575941624965884,L5
720575941625011196,L2
720575941625018620,L5
720575941625109500,L5
720575941625349884,Mi1
720575941625499756,L5
720575941626090092,L3
720575941626243483,T1
720575941626260123,L1
720575941626292170,T1
720575941626336313,LCe01b
720575941626433418,HBeyelet
720575941626480074,L2
720575941626750154,L4
720575941627019466,L1
720575941627087818,L5
720575941627087818,LAL126
720575941627087818,LAL147b
720575941627154890,MTe03
720575941627195594,R7
720575941627244746,v2LN41b
720575941627403722,LCe06
720575941627415404,L2
720575941627444635,T1
720575941627590508,LHAV1b1
720575941627605612,L2
720575941627605612,LAL170
720575941627608940,LAL154
720575941627608940,T1
720575941627653740,LHAV3k1
720575941627657354,R8
720575941627774858,LAL179b
720575941627774858,LAL182
720575941627780972,LC20b
720575941629202233,DNg02_d
720575941629202233,DNg02_e
720575941629482297,L5
720575941629710649,LAL200
720575941630381094,ALIN8
720575941630381094,vDeltaA_a
720575941630785062,L5
720575941630927084,T1
720575941631226406,LAL091
720575941631226406,LHAD4a1
720575941631284262,LAL087
720575941631284262,LAL144b
720575941631317030,LAL162
720575941631833248,DNp37
720575941632013026,R8
720575941632054971,R8
720575941632415202,KCg-m
720575941632658885,L5
720575941632785824,L5
720575941632801762,LHAD2c2
720575941633151685,MTe32
720575941633367276,LC10c
720575941633391045,cLP02
720575941633432044,L3
720575941633469381,L5
720575941633536492,v2LN3A1_a
720575941633536492,v2LN46b
720575941633661164,LHAV2b10
720575941633712364,LAL182
720575941633994181,L1
720575941634065349,L2
720575941634169029,R8
720575941634224571,L5
720575941634500512,T1
720575941634555589,LAL144b
720575941634555589,LHAV2b10
720575941634572997,LC21
720575941634578875,LAL167a
720575941634593440,L5
720575941634606240,LLPC1
720575941634790560,LC21
720575941634942651,T1
720575941634951611,L3
720575941635079099,L5
720575941637376885,R8
720575941640120437,L2
720575941640319349,L2
720575941640351861,LHAD1k1
720575941640640799,5-HT-IR  Tan
720575941640744309,L5
720575941640744309,LAL167b
720575941640817525,LAL119
720575941640817525,LAL128
720575941640865141,LAL198
720575941641014303,T1
720575941641657119,R8
720575941641688095,L5
720575941641785119,vDeltaA_a
720575941642124063,L1
720575941642162533,L5
720575941642848869,L5
720575941643239013,R7
720575941643473864,T1
720575941643858789,L2
720575941643939685,R7
720575941644165989,R8
720575941644231288,DNg02_e
720575941644377701,L4
720575941644448869,LHAV2g5
720575941644663909,v2LN41a
720575941644663909,v2LN42b
720575941644688741,LAL197
720575941644856165,L4
720575941644858469,L5
720575941644883301,R8
720575941644898642,L5
720575941644904865,R7
720575941644967781,LAL139
720575941644972645,"LAL104,LAL105"
720575941644972645,LHAD3g1
720575941645066853,LC10c
720575941645368914,LHAV2g2_a
720575941645374290,L5
720575941645565010,LAL093
720575941645604984,L5
720575941645632850,LC10c
720575941645757128,LAL203
720575941645757128,LHAV2d1
720575941646026440,LAL159
720575941646062241,R8
720575941646102689,T1
720575941646376353,L5
720575941646382456,L3
720575941646392184,vDeltaD
720575941646438305,Mi1
720575941646449864,L1
720575941646474913,L4
720575941646518689,LAL167b
720575941646518689,LHAV2a3b
720575941646737608,L3
720575941650831125,L3
720575941651841041,vDeltaB
720575941651841041,vDeltaD
720575941652081681,L2
720575941652859633,L2
720575941653006357,LHAV2a3b
720575941653080853,LAL121
720575941653279217,R7
720575941653392917,LAL152
720575941653410069,L5
720575941653442065,L5
720575941654689041,L4
720575941654942993,L5
720575941654962193,L5
720575941655312401,LAL113
720575941655326420,L5
720575941655778777,LHAD2d1
720575941655883732,L1
720575941656266713,L5
720575941656270297,T1
720575941656350937,L5
720575941656379353,L5
720575941656425689,LAL090
720575941656425689,LHAD3g1
720575941656425689,R8
720575941656476889,L5
720575941656650457,LAL154
720575941656687572,L4
720575941656696020,L5
720575941657112788,AN_GNG_167
720575941657176144,LC10c
720575941657192916,R7
720575941658900560,L4
720575941659725648,L5
720575941659906584,Mi1
720575941660071448,L1
720575941660251984,T1
720575941660295192,LAL157
720575941660295192,LHAV2f2_a
720575941660394576,T1
720575941660492624,L5
720575941660513816,LAL082
720575941660580632,LAL147c
720575941660599120,L4
720575941661877884,vDeltaA_a
720575941661877884,vDeltaD
720575941662115384,LC10c
720575941662921528,L1
720575941663016760,L2
720575941663146364,LC10c
720575941663167544,L4
720575941663393916,vDeltaA_a
720575941663405436,L5
720575941663559480,L1
720575941663559480,LC9
720575941663639864,L2
720575941663684408,L3
720575941663721528,L2
720575941663730044,v2LN42c
720575941663730044,vDeltaF
720575941663731000,v2LN46a
720575941663780664,L1
720575941663905336,L2
720575941663905592,L4
720575941663905592,LAL148
720575941663905592,LHAV2p1
720575941663979832,L3
720575941663990328,LAL093
720575941663990328,LHAV1a1
720575941664021560,L5
720575941664030076,R8
720575941664040760,LAL090
720575941664040760,LHAV3e3a
720575941664704124,L5
720575941664706428,L5
720575941664723324,R8
720575941664831356,L1
720575941664841852,LAL193
720575941664841852,LCNOpm
720575941665121148,LAL192
720575941665121148,LHAV2g3
720575941668014769,L5
720575941669146867,L5
720575941669229489,L1
720575941669351601,L5
720575941669799923,L5
720575941669868977,vDeltaD
720575941669868977,vDeltaF
720575941669953267,LAL090
720575941670018803,LAL147c
720575941670119089,LTe63
720575941671071409,T1
720575941671313073,L4
720575941671314609,R7
720575941672804007,LAL184
720575941680086717,L2
720575941680712637,LC20a
720575941687298287,R7
720575941687367030,R8
720575941687580940,LAL110
720575941687721455,L4
720575941688216559,R8
720575941688223500,R7
720575941688472950,R8
720575941688565743,vDeltaA_a
720575941688730351,L4
720575941688970479,L5
720575941689000972,Mi1
720575941689017839,L4
720575941689026011,Mi1
720575941689041048,LC10c
720575941689085167,R7
720575941689088495,L2
720575941689138159,DNg02_e
720575941689375983,LHAV2b9
720575941689580696,T1
720575941689911414,T1
720575941689938956,L4
720575941690046220,L3
720575941690127579,L1
720575941690177142,T1
720575941690199926,T1
720575941690321014,LC20b
720575941690330998,LAL195
720575941691482264,R7
720575941691572120,R8
720575941691778968,vDeltaA_a
720575941691884763,LTe25
720575941692003803,Mi1
720575941692361880,LAL168a
720575941692398488,L3
720575941692552344,L2
720575941692573848,L4
720575941700998106,LCe01b
720575941702540762,cL10
720575941703784410,vDeltaA_a
720575941704178650,T1
720575941704349914,L5
720575941704610266,L5
720575941704655322,LC9
720575941721790522,T1
720575941723981626,vDeltaA_a
720575941723981626,vDeltaD
720575941724147770,L4
720575941724276282,ALIN5
720575941724276282,vDeltaA_a
720575941724442682,T1
720575941724591418,L5
720575941733740587,L2
720575941733874219,L5
720575941733979179,LAL194
720575941733979179,LHAV2a3b
720575941734445611,LC10c
